"dhid";"uuid"
"JGMLO";"ae36bd1b-a0a5-4860-ad67-1644d2ce0c7b"
"MLVKL";"8ad8022b-e1d7-4c9a-bfad-e3677beb9f8d"
"D8BWP";"9868c6d4-a96c-4ae6-b2bd-1ec72a1891a4"
"D8BYP";"b3a1fff7-24f9-4a72-9362-86934d03b20a"
"MLVKL";"5d2f7902-ceb4-452c-832c-adaf3cbc3686"
"9GRZ5";"e48b2121-7edf-4a6e-ba0c-9f2e1a87c7f9"
"V9XRK";"e6f5a76f-4905-4553-b4d4-bc73bf1a8022"
"V9XBK";"7aa682aa-77c5-43a5-91e4-1ef9a2736156"
"7DVLE";"522a4403-bfb3-4fe6-b454-4db6c3040a58"
"QPAVE";"946fd30b-68f7-425f-aca4-1ae39a86d35"
"N9EEG";"0cf11287-5603-45e4-9dd6-075871286de9"